{
  "0": {
    "precision": 0.945273631840796,
    "recall": 0.9644670050761421,
    "f1-score": 0.9547738693467337,
    "support": 197.0
  },
  "1": {
    "precision": 0.75,
    "recall": 0.65625,
    "f1-score": 0.7,
    "support": 32.0
  },
  "accuracy": 0.9213973799126638,
  "macro avg": {
    "precision": 0.847636815920398,
    "recall": 0.8103585025380711,
    "f1-score": 0.8273869346733669,
    "support": 229.0
  },
  "weighted avg": {
    "precision": 0.9179864867800736,
    "recall": 0.9213973799126638,
    "f1-score": 0.9191722806170591,
    "support": 229.0
  }
}