{
  "0": {
    "precision": 0.9567567567567568,
    "recall": 0.8984771573604061,
    "f1-score": 0.9267015706806283,
    "support": 197.0
  },
  "1": {
    "precision": 0.5454545454545454,
    "recall": 0.75,
    "f1-score": 0.631578947368421,
    "support": 32.0
  },
  "accuracy": 0.8777292576419214,
  "macro avg": {
    "precision": 0.7511056511056511,
    "recall": 0.8242385786802031,
    "f1-score": 0.7791402590245247,
    "support": 229.0
  },
  "weighted avg": {
    "precision": 0.8992822119459672,
    "recall": 0.8777292576419214,
    "f1-score": 0.8854617281217173,
    "support": 229.0
  }
}