{
  "0": {
    "precision": 0.9362745098039216,
    "recall": 0.9695431472081218,
    "f1-score": 0.9526184538653366,
    "support": 197.0
  },
  "1": {
    "precision": 0.76,
    "recall": 0.59375,
    "f1-score": 0.6666666666666666,
    "support": 32.0
  },
  "accuracy": 0.9170305676855895,
  "macro avg": {
    "precision": 0.8481372549019608,
    "recall": 0.781646573604061,
    "f1-score": 0.8096425602660016,
    "support": 229.0
  },
  "weighted avg": {
    "precision": 0.9116422638924565,
    "recall": 0.9170305676855895,
    "f1-score": 0.9126601255231644,
    "support": 229.0
  }
}