{
  "accuracy": 0.9170305676855895,
  "f1_weighted": 0.9126601255231644,
  "roc_auc_ovr": 0.9110881979695431
}